filepath,label,label_id
AneRBC_dataset/AneRBC-I/Anemic_individuals/Original_images/002_a.png,Anemic,1
AneRBC_dataset/AneRBC-I/Anemic_individuals/Original_images/004_a.png,Anemic,1
AneRBC_dataset/AneRBC-I/Anemic_individuals/Original_images/005_a.png,Anemic,1
AneRBC_dataset/AneRBC-I/Anemic_individuals/Original_images/006_a.png,Anemic,1
AneRBC_dataset/AneRBC-I/Anemic_individuals/Original_images/007_a.png,Anemic,1
AneRBC_dataset/AneRBC-I/Anemic_individuals/Original_images/008_a.png,Anemic,1
AneRBC_dataset/AneRBC-I/Anemic_individuals/Original_images/009_a.png,Anemic,1
AneRBC_dataset/AneRBC-I/Anemic_individuals/Original_images/010_a.png,Anemic,1
AneRBC_dataset/AneRBC-I/Anemic_individuals/Original_images/011_a.png,Anemic,1
AneRBC_dataset/AneRBC-I/Anemic_individuals/Original_images/012_a.png,Anemic,1
AneRBC_dataset/AneRBC-I/Anemic_individuals/Original_images/014_a.png,Anemic,1
AneRBC_dataset/AneRBC-I/Anemic_individuals/Original_images/015_a.png,Anemic,1
AneRBC_dataset/AneRBC-I/Anemic_individuals/Original_images/016_a.png,Anemic,1
AneRBC_dataset/AneRBC-I/Anemic_individuals/Original_images/017_a.png,Anemic,1
AneRBC_dataset/AneRBC-I/Anemic_individuals/Original_images/018_a.png,Anemic,1
AneRBC_dataset/AneRBC-I/Anemic_individuals/Original_images/019_a.png,Anemic,1
AneRBC_dataset/AneRBC-I/Anemic_individuals/Original_images/021_a.png,Anemic,1
AneRBC_dataset/AneRBC-I/Anemic_individuals/Original_images/022_a.png,Anemic,1
AneRBC_dataset/AneRBC-I/Anemic_individuals/Original_images/025_a.png,Anemic,1
AneRBC_dataset/AneRBC-I/Anemic_individuals/Original_images/027_a.png,Anemic,1
AneRBC_dataset/AneRBC-I/Anemic_individuals/Original_images/028_a.png,Anemic,1
AneRBC_dataset/AneRBC-I/Anemic_individuals/Original_images/029_a.png,Anemic,1
AneRBC_dataset/AneRBC-I/Anemic_individuals/Original_images/030_a.png,Anemic,1
AneRBC_dataset/AneRBC-I/Anemic_individuals/Original_images/031_a.png,Anemic,1
AneRBC_dataset/AneRBC-I/Anemic_individuals/Original_images/032_a.png,Anemic,1
AneRBC_dataset/AneRBC-I/Anemic_individuals/Original_images/033_a.png,Anemic,1
AneRBC_dataset/AneRBC-I/Anemic_individuals/Original_images/034_a.png,Anemic,1
AneRBC_dataset/AneRBC-I/Anemic_individuals/Original_images/035_a.png,Anemic,1
AneRBC_dataset/AneRBC-I/Anemic_individuals/Original_images/037_a.png,Anemic,1
AneRBC_dataset/AneRBC-I/Anemic_individuals/Original_images/039_a.png,Anemic,1
AneRBC_dataset/AneRBC-I/Anemic_individuals/Original_images/040_a.png,Anemic,1
AneRBC_dataset/AneRBC-I/Anemic_individuals/Original_images/041_a.png,Anemic,1
AneRBC_dataset/AneRBC-I/Anemic_individuals/Original_images/042_a.png,Anemic,1
AneRBC_dataset/AneRBC-I/Anemic_individuals/Original_images/043_a.png,Anemic,1
AneRBC_dataset/AneRBC-I/Anemic_individuals/Original_images/045_a.png,Anemic,1
AneRBC_dataset/AneRBC-I/Anemic_individuals/Original_images/046_a.png,Anemic,1
AneRBC_dataset/AneRBC-I/Anemic_individuals/Original_images/047_a.png,Anemic,1
AneRBC_dataset/AneRBC-I/Anemic_individuals/Original_images/049_a.png,Anemic,1
AneRBC_dataset/AneRBC-I/Anemic_individuals/Original_images/050_a.png,Anemic,1
AneRBC_dataset/AneRBC-I/Anemic_individuals/Original_images/051_a.png,Anemic,1
AneRBC_dataset/AneRBC-I/Anemic_individuals/Original_images/052_a.png,Anemic,1
AneRBC_dataset/AneRBC-I/Anemic_individuals/Original_images/053_a.png,Anemic,1
AneRBC_dataset/AneRBC-I/Anemic_individuals/Original_images/054_a.png,Anemic,1
AneRBC_dataset/AneRBC-I/Anemic_individuals/Original_images/057_a.png,Anemic,1
AneRBC_dataset/AneRBC-I/Anemic_individuals/Original_images/058_a.png,Anemic,1
AneRBC_dataset/AneRBC-I/Anemic_individuals/Original_images/059_a.png,Anemic,1
AneRBC_dataset/AneRBC-I/Anemic_individuals/Original_images/061_a.png,Anemic,1
AneRBC_dataset/AneRBC-I/Anemic_individuals/Original_images/062_a.png,Anemic,1
AneRBC_dataset/AneRBC-I/Anemic_individuals/Original_images/065_a.png,Anemic,1
AneRBC_dataset/AneRBC-I/Anemic_individuals/Original_images/067_a.png,Anemic,1
AneRBC_dataset/AneRBC-I/Anemic_individuals/Original_images/068_a.png,Anemic,1
AneRBC_dataset/AneRBC-I/Anemic_individuals/Original_images/070_a.png,Anemic,1
AneRBC_dataset/AneRBC-I/Anemic_individuals/Original_images/071_a.png,Anemic,1
AneRBC_dataset/AneRBC-I/Anemic_individuals/Original_images/072_a.png,Anemic,1
AneRBC_dataset/AneRBC-I/Anemic_individuals/Original_images/073_a.png,Anemic,1
AneRBC_dataset/AneRBC-I/Anemic_individuals/Original_images/074_a.png,Anemic,1
AneRBC_dataset/AneRBC-I/Anemic_individuals/Original_images/075_a.png,Anemic,1
AneRBC_dataset/AneRBC-I/Anemic_individuals/Original_images/077_a.png,Anemic,1
AneRBC_dataset/AneRBC-I/Anemic_individuals/Original_images/078_a.png,Anemic,1
AneRBC_dataset/AneRBC-I/Anemic_individuals/Original_images/079_a.png,Anemic,1
AneRBC_dataset/AneRBC-I/Anemic_individuals/Original_images/080_a.png,Anemic,1
AneRBC_dataset/AneRBC-I/Anemic_individuals/Original_images/081_a.png,Anemic,1
AneRBC_dataset/AneRBC-I/Anemic_individuals/Original_images/083_a.png,Anemic,1
AneRBC_dataset/AneRBC-I/Anemic_individuals/Original_images/084_a.png,Anemic,1
AneRBC_dataset/AneRBC-I/Anemic_individuals/Original_images/085_a.png,Anemic,1
AneRBC_dataset/AneRBC-I/Anemic_individuals/Original_images/086_a.png,Anemic,1
AneRBC_dataset/AneRBC-I/Anemic_individuals/Original_images/088_a.png,Anemic,1
AneRBC_dataset/AneRBC-I/Anemic_individuals/Original_images/089_a.png,Anemic,1
AneRBC_dataset/AneRBC-I/Anemic_individuals/Original_images/092_a.png,Anemic,1
AneRBC_dataset/AneRBC-I/Anemic_individuals/Original_images/093_a.png,Anemic,1
AneRBC_dataset/AneRBC-I/Anemic_individuals/Original_images/094_a.png,Anemic,1
AneRBC_dataset/AneRBC-I/Anemic_individuals/Original_images/095_a.png,Anemic,1
AneRBC_dataset/AneRBC-I/Anemic_individuals/Original_images/096_a.png,Anemic,1
AneRBC_dataset/AneRBC-I/Anemic_individuals/Original_images/097_a.png,Anemic,1
AneRBC_dataset/AneRBC-I/Anemic_individuals/Original_images/103_a.png,Anemic,1
AneRBC_dataset/AneRBC-I/Anemic_individuals/Original_images/104_a.png,Anemic,1
AneRBC_dataset/AneRBC-I/Anemic_individuals/Original_images/105_a.png,Anemic,1
AneRBC_dataset/AneRBC-I/Anemic_individuals/Original_images/106_a.png,Anemic,1
AneRBC_dataset/AneRBC-I/Anemic_individuals/Original_images/107_a.png,Anemic,1
AneRBC_dataset/AneRBC-I/Anemic_individuals/Original_images/109_a.png,Anemic,1
AneRBC_dataset/AneRBC-I/Anemic_individuals/Original_images/111_a.png,Anemic,1
AneRBC_dataset/AneRBC-I/Anemic_individuals/Original_images/112_a.png,Anemic,1
AneRBC_dataset/AneRBC-I/Anemic_individuals/Original_images/114_a.png,Anemic,1
AneRBC_dataset/AneRBC-I/Anemic_individuals/Original_images/115_a.png,Anemic,1
AneRBC_dataset/AneRBC-I/Anemic_individuals/Original_images/117_a.png,Anemic,1
AneRBC_dataset/AneRBC-I/Anemic_individuals/Original_images/118_a.png,Anemic,1
AneRBC_dataset/AneRBC-I/Anemic_individuals/Original_images/119_a.png,Anemic,1
AneRBC_dataset/AneRBC-I/Anemic_individuals/Original_images/120_a.png,Anemic,1
AneRBC_dataset/AneRBC-I/Anemic_individuals/Original_images/122_a.png,Anemic,1
AneRBC_dataset/AneRBC-I/Anemic_individuals/Original_images/123_a.png,Anemic,1
AneRBC_dataset/AneRBC-I/Anemic_individuals/Original_images/124_a.png,Anemic,1
AneRBC_dataset/AneRBC-I/Anemic_individuals/Original_images/127_a.png,Anemic,1
AneRBC_dataset/AneRBC-I/Anemic_individuals/Original_images/129_a.png,Anemic,1
AneRBC_dataset/AneRBC-I/Anemic_individuals/Original_images/130_a.png,Anemic,1
AneRBC_dataset/AneRBC-I/Anemic_individuals/Original_images/132_a.png,Anemic,1
AneRBC_dataset/AneRBC-I/Anemic_individuals/Original_images/133_a.png,Anemic,1
AneRBC_dataset/AneRBC-I/Anemic_individuals/Original_images/134_a.png,Anemic,1
AneRBC_dataset/AneRBC-I/Anemic_individuals/Original_images/135_a.png,Anemic,1
AneRBC_dataset/AneRBC-I/Anemic_individuals/Original_images/136_a.png,Anemic,1
AneRBC_dataset/AneRBC-I/Anemic_individuals/Original_images/137_a.png,Anemic,1
AneRBC_dataset/AneRBC-I/Anemic_individuals/Original_images/138_a.png,Anemic,1
AneRBC_dataset/AneRBC-I/Anemic_individuals/Original_images/139_a.png,Anemic,1
AneRBC_dataset/AneRBC-I/Anemic_individuals/Original_images/140_a.png,Anemic,1
AneRBC_dataset/AneRBC-I/Anemic_individuals/Original_images/141_a.png,Anemic,1
AneRBC_dataset/AneRBC-I/Anemic_individuals/Original_images/142_a.png,Anemic,1
AneRBC_dataset/AneRBC-I/Anemic_individuals/Original_images/143_a.png,Anemic,1
AneRBC_dataset/AneRBC-I/Anemic_individuals/Original_images/144_a.png,Anemic,1
AneRBC_dataset/AneRBC-I/Anemic_individuals/Original_images/145_a.png,Anemic,1
AneRBC_dataset/AneRBC-I/Anemic_individuals/Original_images/148_a.png,Anemic,1
AneRBC_dataset/AneRBC-I/Anemic_individuals/Original_images/149_a.png,Anemic,1
AneRBC_dataset/AneRBC-I/Anemic_individuals/Original_images/150_a.png,Anemic,1
AneRBC_dataset/AneRBC-I/Anemic_individuals/Original_images/151_a.png,Anemic,1
AneRBC_dataset/AneRBC-I/Anemic_individuals/Original_images/153_a.png,Anemic,1
AneRBC_dataset/AneRBC-I/Anemic_individuals/Original_images/157_a.png,Anemic,1
AneRBC_dataset/AneRBC-I/Anemic_individuals/Original_images/158_a.png,Anemic,1
AneRBC_dataset/AneRBC-I/Anemic_individuals/Original_images/160_a.png,Anemic,1
AneRBC_dataset/AneRBC-I/Anemic_individuals/Original_images/162_a.png,Anemic,1
AneRBC_dataset/AneRBC-I/Anemic_individuals/Original_images/164_a.png,Anemic,1
AneRBC_dataset/AneRBC-I/Anemic_individuals/Original_images/166_a.png,Anemic,1
AneRBC_dataset/AneRBC-I/Anemic_individuals/Original_images/167_a.png,Anemic,1
AneRBC_dataset/AneRBC-I/Anemic_individuals/Original_images/169_a.png,Anemic,1
AneRBC_dataset/AneRBC-I/Anemic_individuals/Original_images/171_a.png,Anemic,1
AneRBC_dataset/AneRBC-I/Anemic_individuals/Original_images/173_a.png,Anemic,1
AneRBC_dataset/AneRBC-I/Anemic_individuals/Original_images/174_a.png,Anemic,1
AneRBC_dataset/AneRBC-I/Anemic_individuals/Original_images/175_a.png,Anemic,1
AneRBC_dataset/AneRBC-I/Anemic_individuals/Original_images/176_a.png,Anemic,1
AneRBC_dataset/AneRBC-I/Anemic_individuals/Original_images/178_a.png,Anemic,1
AneRBC_dataset/AneRBC-I/Anemic_individuals/Original_images/179_a.png,Anemic,1
AneRBC_dataset/AneRBC-I/Anemic_individuals/Original_images/180_a.png,Anemic,1
AneRBC_dataset/AneRBC-I/Anemic_individuals/Original_images/181_a.png,Anemic,1
AneRBC_dataset/AneRBC-I/Anemic_individuals/Original_images/182_a.png,Anemic,1
AneRBC_dataset/AneRBC-I/Anemic_individuals/Original_images/183_a.png,Anemic,1
AneRBC_dataset/AneRBC-I/Anemic_individuals/Original_images/184_a.png,Anemic,1
AneRBC_dataset/AneRBC-I/Anemic_individuals/Original_images/185_a.png,Anemic,1
AneRBC_dataset/AneRBC-I/Anemic_individuals/Original_images/186_a.png,Anemic,1
AneRBC_dataset/AneRBC-I/Anemic_individuals/Original_images/188_a.png,Anemic,1
AneRBC_dataset/AneRBC-I/Anemic_individuals/Original_images/189_a.png,Anemic,1
AneRBC_dataset/AneRBC-I/Anemic_individuals/Original_images/190_a.png,Anemic,1
AneRBC_dataset/AneRBC-I/Anemic_individuals/Original_images/191_a.png,Anemic,1
AneRBC_dataset/AneRBC-I/Anemic_individuals/Original_images/192_a.png,Anemic,1
AneRBC_dataset/AneRBC-I/Anemic_individuals/Original_images/193_a.png,Anemic,1
AneRBC_dataset/AneRBC-I/Anemic_individuals/Original_images/194_a.png,Anemic,1
AneRBC_dataset/AneRBC-I/Anemic_individuals/Original_images/196_a.png,Anemic,1
AneRBC_dataset/AneRBC-I/Anemic_individuals/Original_images/199_a.png,Anemic,1
AneRBC_dataset/AneRBC-I/Anemic_individuals/Original_images/200_a.png,Anemic,1
AneRBC_dataset/AneRBC-I/Anemic_individuals/Original_images/201_a.png,Anemic,1
AneRBC_dataset/AneRBC-I/Anemic_individuals/Original_images/202_a.png,Anemic,1
AneRBC_dataset/AneRBC-I/Anemic_individuals/Original_images/203_a.png,Anemic,1
AneRBC_dataset/AneRBC-I/Anemic_individuals/Original_images/204_a.png,Anemic,1
AneRBC_dataset/AneRBC-I/Anemic_individuals/Original_images/206_a.png,Anemic,1
AneRBC_dataset/AneRBC-I/Anemic_individuals/Original_images/209_a.png,Anemic,1
AneRBC_dataset/AneRBC-I/Anemic_individuals/Original_images/211_a.png,Anemic,1
AneRBC_dataset/AneRBC-I/Anemic_individuals/Original_images/212_a.png,Anemic,1
AneRBC_dataset/AneRBC-I/Anemic_individuals/Original_images/214_a.png,Anemic,1
AneRBC_dataset/AneRBC-I/Anemic_individuals/Original_images/215_a.png,Anemic,1
AneRBC_dataset/AneRBC-I/Anemic_individuals/Original_images/217_a.png,Anemic,1
AneRBC_dataset/AneRBC-I/Anemic_individuals/Original_images/220_a.png,Anemic,1
AneRBC_dataset/AneRBC-I/Anemic_individuals/Original_images/222_a.png,Anemic,1
AneRBC_dataset/AneRBC-I/Anemic_individuals/Original_images/225_a.png,Anemic,1
AneRBC_dataset/AneRBC-I/Anemic_individuals/Original_images/226_a.png,Anemic,1
AneRBC_dataset/AneRBC-I/Anemic_individuals/Original_images/228_a.png,Anemic,1
AneRBC_dataset/AneRBC-I/Anemic_individuals/Original_images/230_a.png,Anemic,1
AneRBC_dataset/AneRBC-I/Anemic_individuals/Original_images/231_a.png,Anemic,1
AneRBC_dataset/AneRBC-I/Anemic_individuals/Original_images/232_a.png,Anemic,1
AneRBC_dataset/AneRBC-I/Anemic_individuals/Original_images/233_a.png,Anemic,1
AneRBC_dataset/AneRBC-I/Anemic_individuals/Original_images/235_a.png,Anemic,1
AneRBC_dataset/AneRBC-I/Anemic_individuals/Original_images/236_a.png,Anemic,1
AneRBC_dataset/AneRBC-I/Anemic_individuals/Original_images/237_a.png,Anemic,1
AneRBC_dataset/AneRBC-I/Anemic_individuals/Original_images/240_a.png,Anemic,1
AneRBC_dataset/AneRBC-I/Anemic_individuals/Original_images/241_a.png,Anemic,1
AneRBC_dataset/AneRBC-I/Anemic_individuals/Original_images/242_a.png,Anemic,1
AneRBC_dataset/AneRBC-I/Anemic_individuals/Original_images/245_a.png,Anemic,1
AneRBC_dataset/AneRBC-I/Anemic_individuals/Original_images/246_a.png,Anemic,1
AneRBC_dataset/AneRBC-I/Anemic_individuals/Original_images/247_a.png,Anemic,1
AneRBC_dataset/AneRBC-I/Anemic_individuals/Original_images/248_a.png,Anemic,1
AneRBC_dataset/AneRBC-I/Anemic_individuals/Original_images/249_a.png,Anemic,1
AneRBC_dataset/AneRBC-I/Anemic_individuals/Original_images/250_a.png,Anemic,1
AneRBC_dataset/AneRBC-I/Anemic_individuals/Original_images/251_a.png,Anemic,1
AneRBC_dataset/AneRBC-I/Anemic_individuals/Original_images/252_a.png,Anemic,1
AneRBC_dataset/AneRBC-I/Anemic_individuals/Original_images/253_a.png,Anemic,1
AneRBC_dataset/AneRBC-I/Anemic_individuals/Original_images/255_a.png,Anemic,1
AneRBC_dataset/AneRBC-I/Anemic_individuals/Original_images/256_a.png,Anemic,1
AneRBC_dataset/AneRBC-I/Anemic_individuals/Original_images/257_a.png,Anemic,1
AneRBC_dataset/AneRBC-I/Anemic_individuals/Original_images/258_a.png,Anemic,1
AneRBC_dataset/AneRBC-I/Anemic_individuals/Original_images/261_a.png,Anemic,1
AneRBC_dataset/AneRBC-I/Anemic_individuals/Original_images/263_a.png,Anemic,1
AneRBC_dataset/AneRBC-I/Anemic_individuals/Original_images/265_a.png,Anemic,1
AneRBC_dataset/AneRBC-I/Anemic_individuals/Original_images/268_a.png,Anemic,1
AneRBC_dataset/AneRBC-I/Anemic_individuals/Original_images/269_a.png,Anemic,1
AneRBC_dataset/AneRBC-I/Anemic_individuals/Original_images/270_a.png,Anemic,1
AneRBC_dataset/AneRBC-I/Anemic_individuals/Original_images/271_a.png,Anemic,1
AneRBC_dataset/AneRBC-I/Anemic_individuals/Original_images/273_a.png,Anemic,1
AneRBC_dataset/AneRBC-I/Anemic_individuals/Original_images/274_a.png,Anemic,1
AneRBC_dataset/AneRBC-I/Anemic_individuals/Original_images/275_a.png,Anemic,1
AneRBC_dataset/AneRBC-I/Anemic_individuals/Original_images/277_a.png,Anemic,1
AneRBC_dataset/AneRBC-I/Anemic_individuals/Original_images/278_a.png,Anemic,1
AneRBC_dataset/AneRBC-I/Anemic_individuals/Original_images/279_a.png,Anemic,1
AneRBC_dataset/AneRBC-I/Anemic_individuals/Original_images/280_a.png,Anemic,1
AneRBC_dataset/AneRBC-I/Anemic_individuals/Original_images/282_a.png,Anemic,1
AneRBC_dataset/AneRBC-I/Anemic_individuals/Original_images/283_a.png,Anemic,1
AneRBC_dataset/AneRBC-I/Anemic_individuals/Original_images/285_a.png,Anemic,1
AneRBC_dataset/AneRBC-I/Anemic_individuals/Original_images/288_a.png,Anemic,1
AneRBC_dataset/AneRBC-I/Anemic_individuals/Original_images/289_a.png,Anemic,1
AneRBC_dataset/AneRBC-I/Anemic_individuals/Original_images/290_a.png,Anemic,1
AneRBC_dataset/AneRBC-I/Anemic_individuals/Original_images/291_a.png,Anemic,1
AneRBC_dataset/AneRBC-I/Anemic_individuals/Original_images/293_a.png,Anemic,1
AneRBC_dataset/AneRBC-I/Anemic_individuals/Original_images/294_a.png,Anemic,1
AneRBC_dataset/AneRBC-I/Anemic_individuals/Original_images/298_a.png,Anemic,1
AneRBC_dataset/AneRBC-I/Anemic_individuals/Original_images/299_a.png,Anemic,1
AneRBC_dataset/AneRBC-I/Anemic_individuals/Original_images/300_a.png,Anemic,1
AneRBC_dataset/AneRBC-I/Anemic_individuals/Original_images/301_a.png,Anemic,1
AneRBC_dataset/AneRBC-I/Anemic_individuals/Original_images/302_a.png,Anemic,1
AneRBC_dataset/AneRBC-I/Anemic_individuals/Original_images/303_a.png,Anemic,1
AneRBC_dataset/AneRBC-I/Anemic_individuals/Original_images/304_a.png,Anemic,1
AneRBC_dataset/AneRBC-I/Anemic_individuals/Original_images/307_a.png,Anemic,1
AneRBC_dataset/AneRBC-I/Anemic_individuals/Original_images/308_a.png,Anemic,1
AneRBC_dataset/AneRBC-I/Anemic_individuals/Original_images/309_a.png,Anemic,1
AneRBC_dataset/AneRBC-I/Anemic_individuals/Original_images/310_a.png,Anemic,1
AneRBC_dataset/AneRBC-I/Anemic_individuals/Original_images/312_a.png,Anemic,1
AneRBC_dataset/AneRBC-I/Anemic_individuals/Original_images/315_a.png,Anemic,1
AneRBC_dataset/AneRBC-I/Anemic_individuals/Original_images/317_a.png,Anemic,1
AneRBC_dataset/AneRBC-I/Anemic_individuals/Original_images/319_a.png,Anemic,1
AneRBC_dataset/AneRBC-I/Anemic_individuals/Original_images/321_a.png,Anemic,1
AneRBC_dataset/AneRBC-I/Anemic_individuals/Original_images/322_a.png,Anemic,1
AneRBC_dataset/AneRBC-I/Anemic_individuals/Original_images/324_a.png,Anemic,1
AneRBC_dataset/AneRBC-I/Anemic_individuals/Original_images/326_a.png,Anemic,1
AneRBC_dataset/AneRBC-I/Anemic_individuals/Original_images/327_a.png,Anemic,1
AneRBC_dataset/AneRBC-I/Anemic_individuals/Original_images/328_a.png,Anemic,1
AneRBC_dataset/AneRBC-I/Anemic_individuals/Original_images/329_a.png,Anemic,1
AneRBC_dataset/AneRBC-I/Anemic_individuals/Original_images/330_a.png,Anemic,1
AneRBC_dataset/AneRBC-I/Anemic_individuals/Original_images/331_a.png,Anemic,1
AneRBC_dataset/AneRBC-I/Anemic_individuals/Original_images/332_a.png,Anemic,1
AneRBC_dataset/AneRBC-I/Anemic_individuals/Original_images/333_a.png,Anemic,1
AneRBC_dataset/AneRBC-I/Anemic_individuals/Original_images/334_a.png,Anemic,1
AneRBC_dataset/AneRBC-I/Anemic_individuals/Original_images/335_a.png,Anemic,1
AneRBC_dataset/AneRBC-I/Anemic_individuals/Original_images/337_a.png,Anemic,1
AneRBC_dataset/AneRBC-I/Anemic_individuals/Original_images/339_a.png,Anemic,1
AneRBC_dataset/AneRBC-I/Anemic_individuals/Original_images/343_a.png,Anemic,1
AneRBC_dataset/AneRBC-I/Anemic_individuals/Original_images/348_a.png,Anemic,1
AneRBC_dataset/AneRBC-I/Anemic_individuals/Original_images/349_a.png,Anemic,1
AneRBC_dataset/AneRBC-I/Anemic_individuals/Original_images/350_a.png,Anemic,1
AneRBC_dataset/AneRBC-I/Anemic_individuals/Original_images/351_a.png,Anemic,1
AneRBC_dataset/AneRBC-I/Anemic_individuals/Original_images/354_a.png,Anemic,1
AneRBC_dataset/AneRBC-I/Anemic_individuals/Original_images/355_a.png,Anemic,1
AneRBC_dataset/AneRBC-I/Anemic_individuals/Original_images/356_a.png,Anemic,1
AneRBC_dataset/AneRBC-I/Anemic_individuals/Original_images/358_a.png,Anemic,1
AneRBC_dataset/AneRBC-I/Anemic_individuals/Original_images/359_a.png,Anemic,1
AneRBC_dataset/AneRBC-I/Anemic_individuals/Original_images/360_a.png,Anemic,1
AneRBC_dataset/AneRBC-I/Anemic_individuals/Original_images/361_a.png,Anemic,1
AneRBC_dataset/AneRBC-I/Anemic_individuals/Original_images/362_a.png,Anemic,1
AneRBC_dataset/AneRBC-I/Anemic_individuals/Original_images/364_a.png,Anemic,1
AneRBC_dataset/AneRBC-I/Anemic_individuals/Original_images/365_a.png,Anemic,1
AneRBC_dataset/AneRBC-I/Anemic_individuals/Original_images/366_a.png,Anemic,1
AneRBC_dataset/AneRBC-I/Anemic_individuals/Original_images/367_a.png,Anemic,1
AneRBC_dataset/AneRBC-I/Anemic_individuals/Original_images/371_a.png,Anemic,1
AneRBC_dataset/AneRBC-I/Anemic_individuals/Original_images/372_a.png,Anemic,1
AneRBC_dataset/AneRBC-I/Anemic_individuals/Original_images/373_a.png,Anemic,1
AneRBC_dataset/AneRBC-I/Anemic_individuals/Original_images/375_a.png,Anemic,1
AneRBC_dataset/AneRBC-I/Anemic_individuals/Original_images/376_a.png,Anemic,1
AneRBC_dataset/AneRBC-I/Anemic_individuals/Original_images/379_a.png,Anemic,1
AneRBC_dataset/AneRBC-I/Anemic_individuals/Original_images/381_a.png,Anemic,1
AneRBC_dataset/AneRBC-I/Anemic_individuals/Original_images/382_a.png,Anemic,1
AneRBC_dataset/AneRBC-I/Anemic_individuals/Original_images/383_a.png,Anemic,1
AneRBC_dataset/AneRBC-I/Anemic_individuals/Original_images/386_a.png,Anemic,1
AneRBC_dataset/AneRBC-I/Anemic_individuals/Original_images/387_a.png,Anemic,1
AneRBC_dataset/AneRBC-I/Anemic_individuals/Original_images/388_a.png,Anemic,1
AneRBC_dataset/AneRBC-I/Anemic_individuals/Original_images/389_a.png,Anemic,1
AneRBC_dataset/AneRBC-I/Anemic_individuals/Original_images/390_a.png,Anemic,1
AneRBC_dataset/AneRBC-I/Anemic_individuals/Original_images/392_a.png,Anemic,1
AneRBC_dataset/AneRBC-I/Anemic_individuals/Original_images/393_a.png,Anemic,1
AneRBC_dataset/AneRBC-I/Anemic_individuals/Original_images/394_a.png,Anemic,1
AneRBC_dataset/AneRBC-I/Anemic_individuals/Original_images/395_a.png,Anemic,1
AneRBC_dataset/AneRBC-I/Anemic_individuals/Original_images/396_a.png,Anemic,1
AneRBC_dataset/AneRBC-I/Anemic_individuals/Original_images/397_a.png,Anemic,1
AneRBC_dataset/AneRBC-I/Anemic_individuals/Original_images/399_a.png,Anemic,1
AneRBC_dataset/AneRBC-I/Anemic_individuals/Original_images/400_a.png,Anemic,1
AneRBC_dataset/AneRBC-I/Anemic_individuals/Original_images/401_a.png,Anemic,1
AneRBC_dataset/AneRBC-I/Anemic_individuals/Original_images/402_a.png,Anemic,1
AneRBC_dataset/AneRBC-I/Anemic_individuals/Original_images/405_a.png,Anemic,1
AneRBC_dataset/AneRBC-I/Anemic_individuals/Original_images/406_a.png,Anemic,1
AneRBC_dataset/AneRBC-I/Anemic_individuals/Original_images/409_a.png,Anemic,1
AneRBC_dataset/AneRBC-I/Anemic_individuals/Original_images/410_a.png,Anemic,1
AneRBC_dataset/AneRBC-I/Anemic_individuals/Original_images/411_a.png,Anemic,1
AneRBC_dataset/AneRBC-I/Anemic_individuals/Original_images/412_a.png,Anemic,1
AneRBC_dataset/AneRBC-I/Anemic_individuals/Original_images/414_a.png,Anemic,1
AneRBC_dataset/AneRBC-I/Anemic_individuals/Original_images/415_a.png,Anemic,1
AneRBC_dataset/AneRBC-I/Anemic_individuals/Original_images/416_a.png,Anemic,1
AneRBC_dataset/AneRBC-I/Anemic_individuals/Original_images/417_a.png,Anemic,1
AneRBC_dataset/AneRBC-I/Anemic_individuals/Original_images/418_a.png,Anemic,1
AneRBC_dataset/AneRBC-I/Anemic_individuals/Original_images/419_a.png,Anemic,1
AneRBC_dataset/AneRBC-I/Anemic_individuals/Original_images/420_a.png,Anemic,1
AneRBC_dataset/AneRBC-I/Anemic_individuals/Original_images/421_a.png,Anemic,1
AneRBC_dataset/AneRBC-I/Anemic_individuals/Original_images/424_a.png,Anemic,1
AneRBC_dataset/AneRBC-I/Anemic_individuals/Original_images/425_a.png,Anemic,1
AneRBC_dataset/AneRBC-I/Anemic_individuals/Original_images/428_a.png,Anemic,1
AneRBC_dataset/AneRBC-I/Anemic_individuals/Original_images/429_a.png,Anemic,1
AneRBC_dataset/AneRBC-I/Anemic_individuals/Original_images/430_a.png,Anemic,1
AneRBC_dataset/AneRBC-I/Anemic_individuals/Original_images/431_a.png,Anemic,1
AneRBC_dataset/AneRBC-I/Anemic_individuals/Original_images/432_a.png,Anemic,1
AneRBC_dataset/AneRBC-I/Anemic_individuals/Original_images/433_a.png,Anemic,1
AneRBC_dataset/AneRBC-I/Anemic_individuals/Original_images/434_a.png,Anemic,1
AneRBC_dataset/AneRBC-I/Anemic_individuals/Original_images/437_a.png,Anemic,1
AneRBC_dataset/AneRBC-I/Anemic_individuals/Original_images/438_a.png,Anemic,1
AneRBC_dataset/AneRBC-I/Anemic_individuals/Original_images/439_a.png,Anemic,1
AneRBC_dataset/AneRBC-I/Anemic_individuals/Original_images/440_a.png,Anemic,1
AneRBC_dataset/AneRBC-I/Anemic_individuals/Original_images/441_a.png,Anemic,1
AneRBC_dataset/AneRBC-I/Anemic_individuals/Original_images/442_a.png,Anemic,1
AneRBC_dataset/AneRBC-I/Anemic_individuals/Original_images/443_a.png,Anemic,1
AneRBC_dataset/AneRBC-I/Anemic_individuals/Original_images/444_a.png,Anemic,1
AneRBC_dataset/AneRBC-I/Anemic_individuals/Original_images/445_a.png,Anemic,1
AneRBC_dataset/AneRBC-I/Anemic_individuals/Original_images/446_a.png,Anemic,1
AneRBC_dataset/AneRBC-I/Anemic_individuals/Original_images/447_a.png,Anemic,1
AneRBC_dataset/AneRBC-I/Anemic_individuals/Original_images/448_a.png,Anemic,1
AneRBC_dataset/AneRBC-I/Anemic_individuals/Original_images/449_a.png,Anemic,1
AneRBC_dataset/AneRBC-I/Anemic_individuals/Original_images/450_a.png,Anemic,1
AneRBC_dataset/AneRBC-I/Anemic_individuals/Original_images/452_a.png,Anemic,1
AneRBC_dataset/AneRBC-I/Anemic_individuals/Original_images/453_a.png,Anemic,1
AneRBC_dataset/AneRBC-I/Anemic_individuals/Original_images/454_a.png,Anemic,1
AneRBC_dataset/AneRBC-I/Anemic_individuals/Original_images/457_a.png,Anemic,1
AneRBC_dataset/AneRBC-I/Anemic_individuals/Original_images/458_a.png,Anemic,1
AneRBC_dataset/AneRBC-I/Anemic_individuals/Original_images/459_a.png,Anemic,1
AneRBC_dataset/AneRBC-I/Anemic_individuals/Original_images/460_a.png,Anemic,1
AneRBC_dataset/AneRBC-I/Anemic_individuals/Original_images/463_a.png,Anemic,1
AneRBC_dataset/AneRBC-I/Anemic_individuals/Original_images/464_a.png,Anemic,1
AneRBC_dataset/AneRBC-I/Anemic_individuals/Original_images/465_a.png,Anemic,1
AneRBC_dataset/AneRBC-I/Anemic_individuals/Original_images/467_a.png,Anemic,1
AneRBC_dataset/AneRBC-I/Anemic_individuals/Original_images/469_a.png,Anemic,1
AneRBC_dataset/AneRBC-I/Anemic_individuals/Original_images/470_a.png,Anemic,1
AneRBC_dataset/AneRBC-I/Anemic_individuals/Original_images/471_a.png,Anemic,1
AneRBC_dataset/AneRBC-I/Anemic_individuals/Original_images/472_a.png,Anemic,1
AneRBC_dataset/AneRBC-I/Anemic_individuals/Original_images/473_a.png,Anemic,1
AneRBC_dataset/AneRBC-I/Anemic_individuals/Original_images/475_a.png,Anemic,1
AneRBC_dataset/AneRBC-I/Anemic_individuals/Original_images/476_a.png,Anemic,1
AneRBC_dataset/AneRBC-I/Anemic_individuals/Original_images/477_a.png,Anemic,1
AneRBC_dataset/AneRBC-I/Anemic_individuals/Original_images/479_a.png,Anemic,1
AneRBC_dataset/AneRBC-I/Anemic_individuals/Original_images/481_a.png,Anemic,1
AneRBC_dataset/AneRBC-I/Anemic_individuals/Original_images/482_a.png,Anemic,1
AneRBC_dataset/AneRBC-I/Anemic_individuals/Original_images/483_a.png,Anemic,1
AneRBC_dataset/AneRBC-I/Anemic_individuals/Original_images/484_a.png,Anemic,1
AneRBC_dataset/AneRBC-I/Anemic_individuals/Original_images/485_a.png,Anemic,1
AneRBC_dataset/AneRBC-I/Anemic_individuals/Original_images/486_a.png,Anemic,1
AneRBC_dataset/AneRBC-I/Anemic_individuals/Original_images/487_a.png,Anemic,1
AneRBC_dataset/AneRBC-I/Anemic_individuals/Original_images/488_a.png,Anemic,1
AneRBC_dataset/AneRBC-I/Anemic_individuals/Original_images/489_a.png,Anemic,1
AneRBC_dataset/AneRBC-I/Anemic_individuals/Original_images/495_a.png,Anemic,1
AneRBC_dataset/AneRBC-I/Anemic_individuals/Original_images/496_a.png,Anemic,1
AneRBC_dataset/AneRBC-I/Anemic_individuals/Original_images/497_a.png,Anemic,1
AneRBC_dataset/AneRBC-I/Anemic_individuals/Original_images/498_a.png,Anemic,1
AneRBC_dataset/AneRBC-I/Anemic_individuals/Original_images/499_a.png,Anemic,1
AneRBC_dataset/AneRBC-I/Anemic_individuals/Original_images/500_a.png,Anemic,1
AneRBC_dataset/AneRBC-I/Healthy_individuals/Original_images/001_h.png,Healthy,0
AneRBC_dataset/AneRBC-I/Healthy_individuals/Original_images/002_h.png,Healthy,0
AneRBC_dataset/AneRBC-I/Healthy_individuals/Original_images/003_h.png,Healthy,0
AneRBC_dataset/AneRBC-I/Healthy_individuals/Original_images/005_h.png,Healthy,0
AneRBC_dataset/AneRBC-I/Healthy_individuals/Original_images/006_h.png,Healthy,0
AneRBC_dataset/AneRBC-I/Healthy_individuals/Original_images/007_h.png,Healthy,0
AneRBC_dataset/AneRBC-I/Healthy_individuals/Original_images/008_h.png,Healthy,0
AneRBC_dataset/AneRBC-I/Healthy_individuals/Original_images/009_h.png,Healthy,0
AneRBC_dataset/AneRBC-I/Healthy_individuals/Original_images/010_h.png,Healthy,0
AneRBC_dataset/AneRBC-I/Healthy_individuals/Original_images/011_h.png,Healthy,0
AneRBC_dataset/AneRBC-I/Healthy_individuals/Original_images/012_h.png,Healthy,0
AneRBC_dataset/AneRBC-I/Healthy_individuals/Original_images/015_h.png,Healthy,0
AneRBC_dataset/AneRBC-I/Healthy_individuals/Original_images/018_h.png,Healthy,0
AneRBC_dataset/AneRBC-I/Healthy_individuals/Original_images/019_h.png,Healthy,0
AneRBC_dataset/AneRBC-I/Healthy_individuals/Original_images/020_h.png,Healthy,0
AneRBC_dataset/AneRBC-I/Healthy_individuals/Original_images/021_h.png,Healthy,0
AneRBC_dataset/AneRBC-I/Healthy_individuals/Original_images/022_h.png,Healthy,0
AneRBC_dataset/AneRBC-I/Healthy_individuals/Original_images/025_h.png,Healthy,0
AneRBC_dataset/AneRBC-I/Healthy_individuals/Original_images/026_h.png,Healthy,0
AneRBC_dataset/AneRBC-I/Healthy_individuals/Original_images/027_h.png,Healthy,0
AneRBC_dataset/AneRBC-I/Healthy_individuals/Original_images/028_h.png,Healthy,0
AneRBC_dataset/AneRBC-I/Healthy_individuals/Original_images/030_h.png,Healthy,0
AneRBC_dataset/AneRBC-I/Healthy_individuals/Original_images/031_h.png,Healthy,0
AneRBC_dataset/AneRBC-I/Healthy_individuals/Original_images/032_h.png,Healthy,0
AneRBC_dataset/AneRBC-I/Healthy_individuals/Original_images/033_h.png,Healthy,0
AneRBC_dataset/AneRBC-I/Healthy_individuals/Original_images/035_h.png,Healthy,0
AneRBC_dataset/AneRBC-I/Healthy_individuals/Original_images/038_h.png,Healthy,0
AneRBC_dataset/AneRBC-I/Healthy_individuals/Original_images/039_h.png,Healthy,0
AneRBC_dataset/AneRBC-I/Healthy_individuals/Original_images/040_h.png,Healthy,0
AneRBC_dataset/AneRBC-I/Healthy_individuals/Original_images/042_h.png,Healthy,0
AneRBC_dataset/AneRBC-I/Healthy_individuals/Original_images/043_h.png,Healthy,0
AneRBC_dataset/AneRBC-I/Healthy_individuals/Original_images/044_h.png,Healthy,0
AneRBC_dataset/AneRBC-I/Healthy_individuals/Original_images/046_h.png,Healthy,0
AneRBC_dataset/AneRBC-I/Healthy_individuals/Original_images/049_h.png,Healthy,0
AneRBC_dataset/AneRBC-I/Healthy_individuals/Original_images/051_h.png,Healthy,0
AneRBC_dataset/AneRBC-I/Healthy_individuals/Original_images/054_h.png,Healthy,0
AneRBC_dataset/AneRBC-I/Healthy_individuals/Original_images/055_h.png,Healthy,0
AneRBC_dataset/AneRBC-I/Healthy_individuals/Original_images/056_h.png,Healthy,0
AneRBC_dataset/AneRBC-I/Healthy_individuals/Original_images/057_h.png,Healthy,0
AneRBC_dataset/AneRBC-I/Healthy_individuals/Original_images/059_h.png,Healthy,0
AneRBC_dataset/AneRBC-I/Healthy_individuals/Original_images/060_h.png,Healthy,0
AneRBC_dataset/AneRBC-I/Healthy_individuals/Original_images/061_h.png,Healthy,0
AneRBC_dataset/AneRBC-I/Healthy_individuals/Original_images/062_h.png,Healthy,0
AneRBC_dataset/AneRBC-I/Healthy_individuals/Original_images/063_h.png,Healthy,0
AneRBC_dataset/AneRBC-I/Healthy_individuals/Original_images/065_h.png,Healthy,0
AneRBC_dataset/AneRBC-I/Healthy_individuals/Original_images/066_h.png,Healthy,0
AneRBC_dataset/AneRBC-I/Healthy_individuals/Original_images/067_h.png,Healthy,0
AneRBC_dataset/AneRBC-I/Healthy_individuals/Original_images/068_h.png,Healthy,0
AneRBC_dataset/AneRBC-I/Healthy_individuals/Original_images/069_h.png,Healthy,0
AneRBC_dataset/AneRBC-I/Healthy_individuals/Original_images/070_h.png,Healthy,0
AneRBC_dataset/AneRBC-I/Healthy_individuals/Original_images/073_h.png,Healthy,0
AneRBC_dataset/AneRBC-I/Healthy_individuals/Original_images/075_h.png,Healthy,0
AneRBC_dataset/AneRBC-I/Healthy_individuals/Original_images/076_h.png,Healthy,0
AneRBC_dataset/AneRBC-I/Healthy_individuals/Original_images/077_h.png,Healthy,0
AneRBC_dataset/AneRBC-I/Healthy_individuals/Original_images/078_h.png,Healthy,0
AneRBC_dataset/AneRBC-I/Healthy_individuals/Original_images/079_h.png,Healthy,0
AneRBC_dataset/AneRBC-I/Healthy_individuals/Original_images/081_h.png,Healthy,0
AneRBC_dataset/AneRBC-I/Healthy_individuals/Original_images/083_h.png,Healthy,0
AneRBC_dataset/AneRBC-I/Healthy_individuals/Original_images/085_h.png,Healthy,0
AneRBC_dataset/AneRBC-I/Healthy_individuals/Original_images/086_h.png,Healthy,0
AneRBC_dataset/AneRBC-I/Healthy_individuals/Original_images/087_h.png,Healthy,0
AneRBC_dataset/AneRBC-I/Healthy_individuals/Original_images/089_h.png,Healthy,0
AneRBC_dataset/AneRBC-I/Healthy_individuals/Original_images/090_h.png,Healthy,0
AneRBC_dataset/AneRBC-I/Healthy_individuals/Original_images/091_h.png,Healthy,0
AneRBC_dataset/AneRBC-I/Healthy_individuals/Original_images/092_h.png,Healthy,0
AneRBC_dataset/AneRBC-I/Healthy_individuals/Original_images/093_h.png,Healthy,0
AneRBC_dataset/AneRBC-I/Healthy_individuals/Original_images/094_h.png,Healthy,0
AneRBC_dataset/AneRBC-I/Healthy_individuals/Original_images/095_h.png,Healthy,0
AneRBC_dataset/AneRBC-I/Healthy_individuals/Original_images/096_h.png,Healthy,0
AneRBC_dataset/AneRBC-I/Healthy_individuals/Original_images/097_h.png,Healthy,0
AneRBC_dataset/AneRBC-I/Healthy_individuals/Original_images/098_h.png,Healthy,0
AneRBC_dataset/AneRBC-I/Healthy_individuals/Original_images/100_h.png,Healthy,0
AneRBC_dataset/AneRBC-I/Healthy_individuals/Original_images/101_h.png,Healthy,0
AneRBC_dataset/AneRBC-I/Healthy_individuals/Original_images/103_h.png,Healthy,0
AneRBC_dataset/AneRBC-I/Healthy_individuals/Original_images/104_h.png,Healthy,0
AneRBC_dataset/AneRBC-I/Healthy_individuals/Original_images/105_h.png,Healthy,0
AneRBC_dataset/AneRBC-I/Healthy_individuals/Original_images/106_h.png,Healthy,0
AneRBC_dataset/AneRBC-I/Healthy_individuals/Original_images/107_h.png,Healthy,0
AneRBC_dataset/AneRBC-I/Healthy_individuals/Original_images/110_h.png,Healthy,0
AneRBC_dataset/AneRBC-I/Healthy_individuals/Original_images/114_h.png,Healthy,0
AneRBC_dataset/AneRBC-I/Healthy_individuals/Original_images/116_h.png,Healthy,0
AneRBC_dataset/AneRBC-I/Healthy_individuals/Original_images/119_h.png,Healthy,0
AneRBC_dataset/AneRBC-I/Healthy_individuals/Original_images/121_h.png,Healthy,0
AneRBC_dataset/AneRBC-I/Healthy_individuals/Original_images/122_h.png,Healthy,0
AneRBC_dataset/AneRBC-I/Healthy_individuals/Original_images/123_h.png,Healthy,0
AneRBC_dataset/AneRBC-I/Healthy_individuals/Original_images/124_h.png,Healthy,0
AneRBC_dataset/AneRBC-I/Healthy_individuals/Original_images/125_h.png,Healthy,0
AneRBC_dataset/AneRBC-I/Healthy_individuals/Original_images/128_h.png,Healthy,0
AneRBC_dataset/AneRBC-I/Healthy_individuals/Original_images/129_h.png,Healthy,0
AneRBC_dataset/AneRBC-I/Healthy_individuals/Original_images/130_h.png,Healthy,0
AneRBC_dataset/AneRBC-I/Healthy_individuals/Original_images/131_h.png,Healthy,0
AneRBC_dataset/AneRBC-I/Healthy_individuals/Original_images/132_h.png,Healthy,0
AneRBC_dataset/AneRBC-I/Healthy_individuals/Original_images/133_h.png,Healthy,0
AneRBC_dataset/AneRBC-I/Healthy_individuals/Original_images/134_h.png,Healthy,0
AneRBC_dataset/AneRBC-I/Healthy_individuals/Original_images/140_h.png,Healthy,0
AneRBC_dataset/AneRBC-I/Healthy_individuals/Original_images/142_h.png,Healthy,0
AneRBC_dataset/AneRBC-I/Healthy_individuals/Original_images/144_h.png,Healthy,0
AneRBC_dataset/AneRBC-I/Healthy_individuals/Original_images/145_h.png,Healthy,0
AneRBC_dataset/AneRBC-I/Healthy_individuals/Original_images/146_h.png,Healthy,0
AneRBC_dataset/AneRBC-I/Healthy_individuals/Original_images/147_h.png,Healthy,0
AneRBC_dataset/AneRBC-I/Healthy_individuals/Original_images/148_h.png,Healthy,0
AneRBC_dataset/AneRBC-I/Healthy_individuals/Original_images/150_h.png,Healthy,0
AneRBC_dataset/AneRBC-I/Healthy_individuals/Original_images/152_h.png,Healthy,0
AneRBC_dataset/AneRBC-I/Healthy_individuals/Original_images/153_h.png,Healthy,0
AneRBC_dataset/AneRBC-I/Healthy_individuals/Original_images/154_h.png,Healthy,0
AneRBC_dataset/AneRBC-I/Healthy_individuals/Original_images/155_h.png,Healthy,0
AneRBC_dataset/AneRBC-I/Healthy_individuals/Original_images/156_h.png,Healthy,0
AneRBC_dataset/AneRBC-I/Healthy_individuals/Original_images/157_h.png,Healthy,0
AneRBC_dataset/AneRBC-I/Healthy_individuals/Original_images/158_h.png,Healthy,0
AneRBC_dataset/AneRBC-I/Healthy_individuals/Original_images/159_h.png,Healthy,0
AneRBC_dataset/AneRBC-I/Healthy_individuals/Original_images/160_h.png,Healthy,0
AneRBC_dataset/AneRBC-I/Healthy_individuals/Original_images/161_h.png,Healthy,0
AneRBC_dataset/AneRBC-I/Healthy_individuals/Original_images/163_h.png,Healthy,0
AneRBC_dataset/AneRBC-I/Healthy_individuals/Original_images/164_h.png,Healthy,0
AneRBC_dataset/AneRBC-I/Healthy_individuals/Original_images/165_h.png,Healthy,0
AneRBC_dataset/AneRBC-I/Healthy_individuals/Original_images/166_h.png,Healthy,0
AneRBC_dataset/AneRBC-I/Healthy_individuals/Original_images/168_h.png,Healthy,0
AneRBC_dataset/AneRBC-I/Healthy_individuals/Original_images/169_h.png,Healthy,0
AneRBC_dataset/AneRBC-I/Healthy_individuals/Original_images/170_h.png,Healthy,0
AneRBC_dataset/AneRBC-I/Healthy_individuals/Original_images/171_h.png,Healthy,0
AneRBC_dataset/AneRBC-I/Healthy_individuals/Original_images/172_h.png,Healthy,0
AneRBC_dataset/AneRBC-I/Healthy_individuals/Original_images/174_h.png,Healthy,0
AneRBC_dataset/AneRBC-I/Healthy_individuals/Original_images/176_h.png,Healthy,0
AneRBC_dataset/AneRBC-I/Healthy_individuals/Original_images/178_h.png,Healthy,0
AneRBC_dataset/AneRBC-I/Healthy_individuals/Original_images/179_h.png,Healthy,0
AneRBC_dataset/AneRBC-I/Healthy_individuals/Original_images/180_h.png,Healthy,0
AneRBC_dataset/AneRBC-I/Healthy_individuals/Original_images/181_h.png,Healthy,0
AneRBC_dataset/AneRBC-I/Healthy_individuals/Original_images/183_h.png,Healthy,0
AneRBC_dataset/AneRBC-I/Healthy_individuals/Original_images/185_h.png,Healthy,0
AneRBC_dataset/AneRBC-I/Healthy_individuals/Original_images/188_h.png,Healthy,0
AneRBC_dataset/AneRBC-I/Healthy_individuals/Original_images/189_h.png,Healthy,0
AneRBC_dataset/AneRBC-I/Healthy_individuals/Original_images/191_h.png,Healthy,0
AneRBC_dataset/AneRBC-I/Healthy_individuals/Original_images/192_h.png,Healthy,0
AneRBC_dataset/AneRBC-I/Healthy_individuals/Original_images/193_h.png,Healthy,0
AneRBC_dataset/AneRBC-I/Healthy_individuals/Original_images/196_h.png,Healthy,0
AneRBC_dataset/AneRBC-I/Healthy_individuals/Original_images/197_h.png,Healthy,0
AneRBC_dataset/AneRBC-I/Healthy_individuals/Original_images/198_h.png,Healthy,0
AneRBC_dataset/AneRBC-I/Healthy_individuals/Original_images/199_h.png,Healthy,0
AneRBC_dataset/AneRBC-I/Healthy_individuals/Original_images/200_h.png,Healthy,0
AneRBC_dataset/AneRBC-I/Healthy_individuals/Original_images/201_h.png,Healthy,0
AneRBC_dataset/AneRBC-I/Healthy_individuals/Original_images/202_h.png,Healthy,0
AneRBC_dataset/AneRBC-I/Healthy_individuals/Original_images/204_h.png,Healthy,0
AneRBC_dataset/AneRBC-I/Healthy_individuals/Original_images/207_h.png,Healthy,0
AneRBC_dataset/AneRBC-I/Healthy_individuals/Original_images/208_h.png,Healthy,0
AneRBC_dataset/AneRBC-I/Healthy_individuals/Original_images/209_h.png,Healthy,0
AneRBC_dataset/AneRBC-I/Healthy_individuals/Original_images/210_h.png,Healthy,0
AneRBC_dataset/AneRBC-I/Healthy_individuals/Original_images/211_h.png,Healthy,0
AneRBC_dataset/AneRBC-I/Healthy_individuals/Original_images/212_h.png,Healthy,0
AneRBC_dataset/AneRBC-I/Healthy_individuals/Original_images/213_h.png,Healthy,0
AneRBC_dataset/AneRBC-I/Healthy_individuals/Original_images/214_h.png,Healthy,0
AneRBC_dataset/AneRBC-I/Healthy_individuals/Original_images/216_h.png,Healthy,0
AneRBC_dataset/AneRBC-I/Healthy_individuals/Original_images/218_h.png,Healthy,0
AneRBC_dataset/AneRBC-I/Healthy_individuals/Original_images/219_h.png,Healthy,0
AneRBC_dataset/AneRBC-I/Healthy_individuals/Original_images/221_h.png,Healthy,0
AneRBC_dataset/AneRBC-I/Healthy_individuals/Original_images/222_h.png,Healthy,0
AneRBC_dataset/AneRBC-I/Healthy_individuals/Original_images/223_h.png,Healthy,0
AneRBC_dataset/AneRBC-I/Healthy_individuals/Original_images/224_h.png,Healthy,0
AneRBC_dataset/AneRBC-I/Healthy_individuals/Original_images/225_h.png,Healthy,0
AneRBC_dataset/AneRBC-I/Healthy_individuals/Original_images/226_h.png,Healthy,0
AneRBC_dataset/AneRBC-I/Healthy_individuals/Original_images/227_h.png,Healthy,0
AneRBC_dataset/AneRBC-I/Healthy_individuals/Original_images/228_h.png,Healthy,0
AneRBC_dataset/AneRBC-I/Healthy_individuals/Original_images/229_h.png,Healthy,0
AneRBC_dataset/AneRBC-I/Healthy_individuals/Original_images/231_h.png,Healthy,0
AneRBC_dataset/AneRBC-I/Healthy_individuals/Original_images/232_h.png,Healthy,0
AneRBC_dataset/AneRBC-I/Healthy_individuals/Original_images/234_h.png,Healthy,0
AneRBC_dataset/AneRBC-I/Healthy_individuals/Original_images/238_h.png,Healthy,0
AneRBC_dataset/AneRBC-I/Healthy_individuals/Original_images/239_h.png,Healthy,0
AneRBC_dataset/AneRBC-I/Healthy_individuals/Original_images/240_h.png,Healthy,0
AneRBC_dataset/AneRBC-I/Healthy_individuals/Original_images/241_h.png,Healthy,0
AneRBC_dataset/AneRBC-I/Healthy_individuals/Original_images/242_h.png,Healthy,0
AneRBC_dataset/AneRBC-I/Healthy_individuals/Original_images/243_h.png,Healthy,0
AneRBC_dataset/AneRBC-I/Healthy_individuals/Original_images/244_h.png,Healthy,0
AneRBC_dataset/AneRBC-I/Healthy_individuals/Original_images/245_h.png,Healthy,0
AneRBC_dataset/AneRBC-I/Healthy_individuals/Original_images/246_h.png,Healthy,0
AneRBC_dataset/AneRBC-I/Healthy_individuals/Original_images/247_h.png,Healthy,0
AneRBC_dataset/AneRBC-I/Healthy_individuals/Original_images/248_h.png,Healthy,0
AneRBC_dataset/AneRBC-I/Healthy_individuals/Original_images/249_h.png,Healthy,0
AneRBC_dataset/AneRBC-I/Healthy_individuals/Original_images/250_h.png,Healthy,0
AneRBC_dataset/AneRBC-I/Healthy_individuals/Original_images/251_h.png,Healthy,0
AneRBC_dataset/AneRBC-I/Healthy_individuals/Original_images/252_h.png,Healthy,0
AneRBC_dataset/AneRBC-I/Healthy_individuals/Original_images/254_h.png,Healthy,0
AneRBC_dataset/AneRBC-I/Healthy_individuals/Original_images/255_h.png,Healthy,0
AneRBC_dataset/AneRBC-I/Healthy_individuals/Original_images/257_h.png,Healthy,0
AneRBC_dataset/AneRBC-I/Healthy_individuals/Original_images/258_h.png,Healthy,0
AneRBC_dataset/AneRBC-I/Healthy_individuals/Original_images/260_h.png,Healthy,0
AneRBC_dataset/AneRBC-I/Healthy_individuals/Original_images/262_h.png,Healthy,0
AneRBC_dataset/AneRBC-I/Healthy_individuals/Original_images/263_h.png,Healthy,0
AneRBC_dataset/AneRBC-I/Healthy_individuals/Original_images/264_h.png,Healthy,0
AneRBC_dataset/AneRBC-I/Healthy_individuals/Original_images/265_h.png,Healthy,0
AneRBC_dataset/AneRBC-I/Healthy_individuals/Original_images/266_h.png,Healthy,0
AneRBC_dataset/AneRBC-I/Healthy_individuals/Original_images/267_h.png,Healthy,0
AneRBC_dataset/AneRBC-I/Healthy_individuals/Original_images/268_h.png,Healthy,0
AneRBC_dataset/AneRBC-I/Healthy_individuals/Original_images/269_h.png,Healthy,0
AneRBC_dataset/AneRBC-I/Healthy_individuals/Original_images/270_h.png,Healthy,0
AneRBC_dataset/AneRBC-I/Healthy_individuals/Original_images/271_h.png,Healthy,0
AneRBC_dataset/AneRBC-I/Healthy_individuals/Original_images/272_h.png,Healthy,0
AneRBC_dataset/AneRBC-I/Healthy_individuals/Original_images/273_h.png,Healthy,0
AneRBC_dataset/AneRBC-I/Healthy_individuals/Original_images/277_h.png,Healthy,0
AneRBC_dataset/AneRBC-I/Healthy_individuals/Original_images/278_h.png,Healthy,0
AneRBC_dataset/AneRBC-I/Healthy_individuals/Original_images/279_h.png,Healthy,0
AneRBC_dataset/AneRBC-I/Healthy_individuals/Original_images/281_h.png,Healthy,0
AneRBC_dataset/AneRBC-I/Healthy_individuals/Original_images/282_h.png,Healthy,0
AneRBC_dataset/AneRBC-I/Healthy_individuals/Original_images/284_h.png,Healthy,0
AneRBC_dataset/AneRBC-I/Healthy_individuals/Original_images/285_h.png,Healthy,0
AneRBC_dataset/AneRBC-I/Healthy_individuals/Original_images/287_h.png,Healthy,0
AneRBC_dataset/AneRBC-I/Healthy_individuals/Original_images/289_h.png,Healthy,0
AneRBC_dataset/AneRBC-I/Healthy_individuals/Original_images/290_h.png,Healthy,0
AneRBC_dataset/AneRBC-I/Healthy_individuals/Original_images/292_h.png,Healthy,0
AneRBC_dataset/AneRBC-I/Healthy_individuals/Original_images/293_h.png,Healthy,0
AneRBC_dataset/AneRBC-I/Healthy_individuals/Original_images/294_h.png,Healthy,0
AneRBC_dataset/AneRBC-I/Healthy_individuals/Original_images/295_h.png,Healthy,0
AneRBC_dataset/AneRBC-I/Healthy_individuals/Original_images/297_h.png,Healthy,0
AneRBC_dataset/AneRBC-I/Healthy_individuals/Original_images/298_h.png,Healthy,0
AneRBC_dataset/AneRBC-I/Healthy_individuals/Original_images/301_h.png,Healthy,0
AneRBC_dataset/AneRBC-I/Healthy_individuals/Original_images/304_h.png,Healthy,0
AneRBC_dataset/AneRBC-I/Healthy_individuals/Original_images/305_h.png,Healthy,0
AneRBC_dataset/AneRBC-I/Healthy_individuals/Original_images/306_h.png,Healthy,0
AneRBC_dataset/AneRBC-I/Healthy_individuals/Original_images/307_h.png,Healthy,0
AneRBC_dataset/AneRBC-I/Healthy_individuals/Original_images/308_h.png,Healthy,0
AneRBC_dataset/AneRBC-I/Healthy_individuals/Original_images/311_h.png,Healthy,0
AneRBC_dataset/AneRBC-I/Healthy_individuals/Original_images/313_h.png,Healthy,0
AneRBC_dataset/AneRBC-I/Healthy_individuals/Original_images/314_h.png,Healthy,0
AneRBC_dataset/AneRBC-I/Healthy_individuals/Original_images/315_h.png,Healthy,0
AneRBC_dataset/AneRBC-I/Healthy_individuals/Original_images/316_h.png,Healthy,0
AneRBC_dataset/AneRBC-I/Healthy_individuals/Original_images/318_h.png,Healthy,0
AneRBC_dataset/AneRBC-I/Healthy_individuals/Original_images/319_h.png,Healthy,0
AneRBC_dataset/AneRBC-I/Healthy_individuals/Original_images/320_h.png,Healthy,0
AneRBC_dataset/AneRBC-I/Healthy_individuals/Original_images/321_h.png,Healthy,0
AneRBC_dataset/AneRBC-I/Healthy_individuals/Original_images/323_h.png,Healthy,0
AneRBC_dataset/AneRBC-I/Healthy_individuals/Original_images/324_h.png,Healthy,0
AneRBC_dataset/AneRBC-I/Healthy_individuals/Original_images/325_h.png,Healthy,0
AneRBC_dataset/AneRBC-I/Healthy_individuals/Original_images/327_h.png,Healthy,0
AneRBC_dataset/AneRBC-I/Healthy_individuals/Original_images/329_h.png,Healthy,0
AneRBC_dataset/AneRBC-I/Healthy_individuals/Original_images/331_h.png,Healthy,0
AneRBC_dataset/AneRBC-I/Healthy_individuals/Original_images/334_h.png,Healthy,0
AneRBC_dataset/AneRBC-I/Healthy_individuals/Original_images/335_h.png,Healthy,0
AneRBC_dataset/AneRBC-I/Healthy_individuals/Original_images/337_h.png,Healthy,0
AneRBC_dataset/AneRBC-I/Healthy_individuals/Original_images/338_h.png,Healthy,0
AneRBC_dataset/AneRBC-I/Healthy_individuals/Original_images/340_h.png,Healthy,0
AneRBC_dataset/AneRBC-I/Healthy_individuals/Original_images/341_h.png,Healthy,0
AneRBC_dataset/AneRBC-I/Healthy_individuals/Original_images/342_h.png,Healthy,0
AneRBC_dataset/AneRBC-I/Healthy_individuals/Original_images/343_h.png,Healthy,0
AneRBC_dataset/AneRBC-I/Healthy_individuals/Original_images/345_h.png,Healthy,0
AneRBC_dataset/AneRBC-I/Healthy_individuals/Original_images/346_h.png,Healthy,0
AneRBC_dataset/AneRBC-I/Healthy_individuals/Original_images/348_h.png,Healthy,0
AneRBC_dataset/AneRBC-I/Healthy_individuals/Original_images/349_h.png,Healthy,0
AneRBC_dataset/AneRBC-I/Healthy_individuals/Original_images/352_h.png,Healthy,0
AneRBC_dataset/AneRBC-I/Healthy_individuals/Original_images/354_h.png,Healthy,0
AneRBC_dataset/AneRBC-I/Healthy_individuals/Original_images/355_h.png,Healthy,0
AneRBC_dataset/AneRBC-I/Healthy_individuals/Original_images/356_h.png,Healthy,0
AneRBC_dataset/AneRBC-I/Healthy_individuals/Original_images/357_h.png,Healthy,0
AneRBC_dataset/AneRBC-I/Healthy_individuals/Original_images/359_h.png,Healthy,0
AneRBC_dataset/AneRBC-I/Healthy_individuals/Original_images/362_h.png,Healthy,0
AneRBC_dataset/AneRBC-I/Healthy_individuals/Original_images/363_h.png,Healthy,0
AneRBC_dataset/AneRBC-I/Healthy_individuals/Original_images/364_h.png,Healthy,0
AneRBC_dataset/AneRBC-I/Healthy_individuals/Original_images/365_h.png,Healthy,0
AneRBC_dataset/AneRBC-I/Healthy_individuals/Original_images/366_h.png,Healthy,0
AneRBC_dataset/AneRBC-I/Healthy_individuals/Original_images/369_h.png,Healthy,0
AneRBC_dataset/AneRBC-I/Healthy_individuals/Original_images/370_h.png,Healthy,0
AneRBC_dataset/AneRBC-I/Healthy_individuals/Original_images/371_h.png,Healthy,0
AneRBC_dataset/AneRBC-I/Healthy_individuals/Original_images/372_h.png,Healthy,0
AneRBC_dataset/AneRBC-I/Healthy_individuals/Original_images/373_h.png,Healthy,0
AneRBC_dataset/AneRBC-I/Healthy_individuals/Original_images/375_h.png,Healthy,0
AneRBC_dataset/AneRBC-I/Healthy_individuals/Original_images/376_h.png,Healthy,0
AneRBC_dataset/AneRBC-I/Healthy_individuals/Original_images/379_h.png,Healthy,0
AneRBC_dataset/AneRBC-I/Healthy_individuals/Original_images/382_h.png,Healthy,0
AneRBC_dataset/AneRBC-I/Healthy_individuals/Original_images/383_h.png,Healthy,0
AneRBC_dataset/AneRBC-I/Healthy_individuals/Original_images/384_h.png,Healthy,0
AneRBC_dataset/AneRBC-I/Healthy_individuals/Original_images/385_h.png,Healthy,0
AneRBC_dataset/AneRBC-I/Healthy_individuals/Original_images/386_h.png,Healthy,0
AneRBC_dataset/AneRBC-I/Healthy_individuals/Original_images/388_h.png,Healthy,0
AneRBC_dataset/AneRBC-I/Healthy_individuals/Original_images/390_h.png,Healthy,0
AneRBC_dataset/AneRBC-I/Healthy_individuals/Original_images/392_h.png,Healthy,0
AneRBC_dataset/AneRBC-I/Healthy_individuals/Original_images/393_h.png,Healthy,0
AneRBC_dataset/AneRBC-I/Healthy_individuals/Original_images/394_h.png,Healthy,0
AneRBC_dataset/AneRBC-I/Healthy_individuals/Original_images/395_h.png,Healthy,0
AneRBC_dataset/AneRBC-I/Healthy_individuals/Original_images/397_h.png,Healthy,0
AneRBC_dataset/AneRBC-I/Healthy_individuals/Original_images/398_h.png,Healthy,0
AneRBC_dataset/AneRBC-I/Healthy_individuals/Original_images/399_h.png,Healthy,0
AneRBC_dataset/AneRBC-I/Healthy_individuals/Original_images/400_h.png,Healthy,0
AneRBC_dataset/AneRBC-I/Healthy_individuals/Original_images/401_h.png,Healthy,0
AneRBC_dataset/AneRBC-I/Healthy_individuals/Original_images/402_h.png,Healthy,0
AneRBC_dataset/AneRBC-I/Healthy_individuals/Original_images/403_h.png,Healthy,0
AneRBC_dataset/AneRBC-I/Healthy_individuals/Original_images/404_h.png,Healthy,0
AneRBC_dataset/AneRBC-I/Healthy_individuals/Original_images/405_h.png,Healthy,0
AneRBC_dataset/AneRBC-I/Healthy_individuals/Original_images/406_h.png,Healthy,0
AneRBC_dataset/AneRBC-I/Healthy_individuals/Original_images/407_h.png,Healthy,0
AneRBC_dataset/AneRBC-I/Healthy_individuals/Original_images/408_h.png,Healthy,0
AneRBC_dataset/AneRBC-I/Healthy_individuals/Original_images/409_h.png,Healthy,0
AneRBC_dataset/AneRBC-I/Healthy_individuals/Original_images/411_h.png,Healthy,0
AneRBC_dataset/AneRBC-I/Healthy_individuals/Original_images/416_h.png,Healthy,0
AneRBC_dataset/AneRBC-I/Healthy_individuals/Original_images/417_h.png,Healthy,0
AneRBC_dataset/AneRBC-I/Healthy_individuals/Original_images/418_h.png,Healthy,0
AneRBC_dataset/AneRBC-I/Healthy_individuals/Original_images/419_h.png,Healthy,0
AneRBC_dataset/AneRBC-I/Healthy_individuals/Original_images/420_h.png,Healthy,0
AneRBC_dataset/AneRBC-I/Healthy_individuals/Original_images/421_h.png,Healthy,0
AneRBC_dataset/AneRBC-I/Healthy_individuals/Original_images/422_h.png,Healthy,0
AneRBC_dataset/AneRBC-I/Healthy_individuals/Original_images/423_h.png,Healthy,0
AneRBC_dataset/AneRBC-I/Healthy_individuals/Original_images/424_h.png,Healthy,0
AneRBC_dataset/AneRBC-I/Healthy_individuals/Original_images/426_h.png,Healthy,0
AneRBC_dataset/AneRBC-I/Healthy_individuals/Original_images/427_h.png,Healthy,0
AneRBC_dataset/AneRBC-I/Healthy_individuals/Original_images/429_h.png,Healthy,0
AneRBC_dataset/AneRBC-I/Healthy_individuals/Original_images/430_h.png,Healthy,0
AneRBC_dataset/AneRBC-I/Healthy_individuals/Original_images/431_h.png,Healthy,0
AneRBC_dataset/AneRBC-I/Healthy_individuals/Original_images/432_h.png,Healthy,0
AneRBC_dataset/AneRBC-I/Healthy_individuals/Original_images/433_h.png,Healthy,0
AneRBC_dataset/AneRBC-I/Healthy_individuals/Original_images/435_h.png,Healthy,0
AneRBC_dataset/AneRBC-I/Healthy_individuals/Original_images/436_h.png,Healthy,0
AneRBC_dataset/AneRBC-I/Healthy_individuals/Original_images/437_h.png,Healthy,0
AneRBC_dataset/AneRBC-I/Healthy_individuals/Original_images/438_h.png,Healthy,0
AneRBC_dataset/AneRBC-I/Healthy_individuals/Original_images/440_h.png,Healthy,0
AneRBC_dataset/AneRBC-I/Healthy_individuals/Original_images/441_h.png,Healthy,0
AneRBC_dataset/AneRBC-I/Healthy_individuals/Original_images/443_h.png,Healthy,0
AneRBC_dataset/AneRBC-I/Healthy_individuals/Original_images/444_h.png,Healthy,0
AneRBC_dataset/AneRBC-I/Healthy_individuals/Original_images/447_h.png,Healthy,0
AneRBC_dataset/AneRBC-I/Healthy_individuals/Original_images/449_h.png,Healthy,0
AneRBC_dataset/AneRBC-I/Healthy_individuals/Original_images/450_h.png,Healthy,0
AneRBC_dataset/AneRBC-I/Healthy_individuals/Original_images/451_h.png,Healthy,0
AneRBC_dataset/AneRBC-I/Healthy_individuals/Original_images/452_h.png,Healthy,0
AneRBC_dataset/AneRBC-I/Healthy_individuals/Original_images/453_h.png,Healthy,0
AneRBC_dataset/AneRBC-I/Healthy_individuals/Original_images/454_h.png,Healthy,0
AneRBC_dataset/AneRBC-I/Healthy_individuals/Original_images/456_h.png,Healthy,0
AneRBC_dataset/AneRBC-I/Healthy_individuals/Original_images/458_h.png,Healthy,0
AneRBC_dataset/AneRBC-I/Healthy_individuals/Original_images/459_h.png,Healthy,0
AneRBC_dataset/AneRBC-I/Healthy_individuals/Original_images/460_h.png,Healthy,0
AneRBC_dataset/AneRBC-I/Healthy_individuals/Original_images/461_h.png,Healthy,0
AneRBC_dataset/AneRBC-I/Healthy_individuals/Original_images/462_h.png,Healthy,0
AneRBC_dataset/AneRBC-I/Healthy_individuals/Original_images/463_h.png,Healthy,0
AneRBC_dataset/AneRBC-I/Healthy_individuals/Original_images/466_h.png,Healthy,0
AneRBC_dataset/AneRBC-I/Healthy_individuals/Original_images/467_h.png,Healthy,0
AneRBC_dataset/AneRBC-I/Healthy_individuals/Original_images/469_h.png,Healthy,0
AneRBC_dataset/AneRBC-I/Healthy_individuals/Original_images/470_h.png,Healthy,0
AneRBC_dataset/AneRBC-I/Healthy_individuals/Original_images/472_h.png,Healthy,0
AneRBC_dataset/AneRBC-I/Healthy_individuals/Original_images/473_h.png,Healthy,0
AneRBC_dataset/AneRBC-I/Healthy_individuals/Original_images/474_h.png,Healthy,0
AneRBC_dataset/AneRBC-I/Healthy_individuals/Original_images/476_h.png,Healthy,0
AneRBC_dataset/AneRBC-I/Healthy_individuals/Original_images/477_h.png,Healthy,0
AneRBC_dataset/AneRBC-I/Healthy_individuals/Original_images/478_h.png,Healthy,0
AneRBC_dataset/AneRBC-I/Healthy_individuals/Original_images/480_h.png,Healthy,0
AneRBC_dataset/AneRBC-I/Healthy_individuals/Original_images/482_h.png,Healthy,0
AneRBC_dataset/AneRBC-I/Healthy_individuals/Original_images/485_h.png,Healthy,0
AneRBC_dataset/AneRBC-I/Healthy_individuals/Original_images/486_h.png,Healthy,0
AneRBC_dataset/AneRBC-I/Healthy_individuals/Original_images/488_h.png,Healthy,0
AneRBC_dataset/AneRBC-I/Healthy_individuals/Original_images/489_h.png,Healthy,0
AneRBC_dataset/AneRBC-I/Healthy_individuals/Original_images/490_h.png,Healthy,0
AneRBC_dataset/AneRBC-I/Healthy_individuals/Original_images/492_h.png,Healthy,0
AneRBC_dataset/AneRBC-I/Healthy_individuals/Original_images/494_h.png,Healthy,0
AneRBC_dataset/AneRBC-I/Healthy_individuals/Original_images/496_h.png,Healthy,0
AneRBC_dataset/AneRBC-I/Healthy_individuals/Original_images/498_h.png,Healthy,0
AneRBC_dataset/AneRBC-I/Healthy_individuals/Original_images/499_h.png,Healthy,0
